<ImportExportXml version="9.2.22085.176" SolutionPackageVersion="9.2" languagecode="1033" generatedBy="CrmLive" xmlns:xsi="http://www.w3.org/2001/XMLSchema-instance">
  <SolutionManifest>
    <UniqueName>SCBSLP</UniqueName>
    <LocalizedNames>
      <LocalizedName description="SCB SLP" languagecode="1033" />
    </LocalizedNames>
    <Descriptions />
    <Version>1.0.0.5</Version>
    <Managed>0</Managed>
    <Publisher>
      <UniqueName>SCB_SLP</UniqueName>
      <LocalizedNames>
        <LocalizedName description="Microsoft SCB SLP" languagecode="1033" />
      </LocalizedNames>
      <Descriptions />
      <EMailAddress xsi:nil="true"></EMailAddress>
      <SupportingWebsiteUrl xsi:nil="true"></SupportingWebsiteUrl>
      <CustomizationPrefix>scbslp</CustomizationPrefix>
      <CustomizationOptionValuePrefix>23451</CustomizationOptionValuePrefix>
      <Addresses>
        <Address>
          <AddressNumber>1</AddressNumber>
          <AddressTypeCode>1</AddressTypeCode>
          <City xsi:nil="true"></City>
          <County xsi:nil="true"></County>
          <Country xsi:nil="true"></Country>
          <Fax xsi:nil="true"></Fax>
          <FreightTermsCode xsi:nil="true"></FreightTermsCode>
          <ImportSequenceNumber xsi:nil="true"></ImportSequenceNumber>
          <Latitude xsi:nil="true"></Latitude>
          <Line1 xsi:nil="true"></Line1>
          <Line2 xsi:nil="true"></Line2>
          <Line3 xsi:nil="true"></Line3>
          <Longitude xsi:nil="true"></Longitude>
          <Name xsi:nil="true"></Name>
          <PostalCode xsi:nil="true"></PostalCode>
          <PostOfficeBox xsi:nil="true"></PostOfficeBox>
          <PrimaryContactName xsi:nil="true"></PrimaryContactName>
          <ShippingMethodCode>1</ShippingMethodCode>
          <StateOrProvince xsi:nil="true"></StateOrProvince>
          <Telephone1 xsi:nil="true"></Telephone1>
          <Telephone2 xsi:nil="true"></Telephone2>
          <Telephone3 xsi:nil="true"></Telephone3>
          <TimeZoneRuleVersionNumber xsi:nil="true"></TimeZoneRuleVersionNumber>
          <UPSZone xsi:nil="true"></UPSZone>
          <UTCOffset xsi:nil="true"></UTCOffset>
          <UTCConversionTimeZoneCode xsi:nil="true"></UTCConversionTimeZoneCode>
        </Address>
        <Address>
          <AddressNumber>2</AddressNumber>
          <AddressTypeCode>1</AddressTypeCode>
          <City xsi:nil="true"></City>
          <County xsi:nil="true"></County>
          <Country xsi:nil="true"></Country>
          <Fax xsi:nil="true"></Fax>
          <FreightTermsCode xsi:nil="true"></FreightTermsCode>
          <ImportSequenceNumber xsi:nil="true"></ImportSequenceNumber>
          <Latitude xsi:nil="true"></Latitude>
          <Line1 xsi:nil="true"></Line1>
          <Line2 xsi:nil="true"></Line2>
          <Line3 xsi:nil="true"></Line3>
          <Longitude xsi:nil="true"></Longitude>
          <Name xsi:nil="true"></Name>
          <PostalCode xsi:nil="true"></PostalCode>
          <PostOfficeBox xsi:nil="true"></PostOfficeBox>
          <PrimaryContactName xsi:nil="true"></PrimaryContactName>
          <ShippingMethodCode>1</ShippingMethodCode>
          <StateOrProvince xsi:nil="true"></StateOrProvince>
          <Telephone1 xsi:nil="true"></Telephone1>
          <Telephone2 xsi:nil="true"></Telephone2>
          <Telephone3 xsi:nil="true"></Telephone3>
          <TimeZoneRuleVersionNumber xsi:nil="true"></TimeZoneRuleVersionNumber>
          <UPSZone xsi:nil="true"></UPSZone>
          <UTCOffset xsi:nil="true"></UTCOffset>
          <UTCConversionTimeZoneCode xsi:nil="true"></UTCConversionTimeZoneCode>
        </Address>
      </Addresses>
    </Publisher>
    <RootComponents>
      <RootComponent type="1" schemaName="scbslp_landingpage" behavior="0" />
      <RootComponent type="1" schemaName="scbslp_landingpageconfig" behavior="0" />
      <RootComponent type="61" schemaName="scbslp_dummypowerbi" behavior="0" />
      <RootComponent type="62" schemaName="scbslp_SCBSLP" behavior="0" />
      <RootComponent type="80" schemaName="scbslp_SCBSLP" behavior="0" />
    </RootComponents>
    <MissingDependencies>
      <MissingDependency>
        <Required type="61" schemaName="msdyn_/Images/AppModule_Default_Icon.png" displayName="msdyn_/Images/AppModule_Default_Icon.png" solution="AppModuleWebResources (2.5)" />
        <Dependent type="80" schemaName="scbslp_SCBSLP" displayName="SCB SLP" />
      </MissingDependency>
      <MissingDependency>
        <Required type="66" schemaName="MscrmControls.Grid.GridControl" displayName="MscrmControls.Grid.GridControl" solution="BaseCustomControlsCore (9.0.2208.5007)" />
        <Dependent type="60" displayName="Generic" parentDisplayName="Landing Page" id="{47a85346-7032-413c-9f22-a361c393b6a9}" />
      </MissingDependency>
      <MissingDependency>
        <Required type="66" schemaName="scbslp_callFlowAPI.callFlowAPI" displayName="scbslp_callFlowAPI.callFlowAPI" solution="Active" />
        <Dependent type="60" displayName="Generic" parentDisplayName="Landing Page" id="{47a85346-7032-413c-9f22-a361c393b6a9}" />
      </MissingDependency>
      <MissingDependency>
        <Required type="66" schemaName="scbslp_pcf01.pcf01" displayName="scbslp_pcf01.pcf01" solution="Active" />
        <Dependent type="60" displayName="Generic" parentDisplayName="Landing Page" id="{47a85346-7032-413c-9f22-a361c393b6a9}" />
      </MissingDependency>
      <MissingDependency>
        <Required type="66" schemaName="scbslp_pcf01.pcf01" displayName="scbslp_pcf01.pcf01" solution="Active" />
        <Dependent type="60" displayName="Sales" parentDisplayName="Landing Page" id="{6211b29f-d032-ed11-9db1-000d3a8567e8}" />
      </MissingDependency>
      <MissingDependency>
        <Required type="66" schemaName="scbslp_pcf01.pcf01" displayName="scbslp_pcf01.pcf01" solution="Active" />
        <Dependent type="60" displayName="Team Lead" parentDisplayName="Landing Page" id="{87588cee-d032-ed11-9db1-000d3a8567e8}" />
      </MissingDependency>
      <MissingDependency>
        <Required type="66" schemaName="scbslp_pcf01.pcf01" displayName="scbslp_pcf01.pcf01" solution="Active" />
        <Dependent type="60" displayName="Management" parentDisplayName="Landing Page" id="{9ddf010c-d132-ed11-9db1-000d3a8567e8}" />
      </MissingDependency>
      <MissingDependency>
        <Required type="66" schemaName="scbslp_pcf01.pcf01" displayName="scbslp_pcf01.pcf01" solution="Active" />
        <Dependent type="60" displayName="Relationship Manager" parentDisplayName="Landing Page" id="{a8fef292-cd32-ed11-9db1-000d3a8567e8}" />
      </MissingDependency>
      <MissingDependency>
        <Required type="66" schemaName="scbslp_pcf01.pcf01" displayName="scbslp_pcf01.pcf01" solution="Active" />
        <Dependent type="60" displayName="Banker" parentDisplayName="Landing Page" id="{bca59fc2-d032-ed11-9db1-000d3a8567e8}" />
      </MissingDependency>
      <MissingDependency>
        <Required type="66" schemaName="scbslp_PCF02.PCF02" displayName="scbslp_PCF02.PCF02" solution="Active" />
        <Dependent type="60" displayName="Generic" parentDisplayName="Landing Page" id="{47a85346-7032-413c-9f22-a361c393b6a9}" />
      </MissingDependency>
      <MissingDependency>
        <Required type="66" schemaName="scbslp_PCF02.PCF02" displayName="scbslp_PCF02.PCF02" solution="Active" />
        <Dependent type="60" displayName="Sales" parentDisplayName="Landing Page" id="{6211b29f-d032-ed11-9db1-000d3a8567e8}" />
      </MissingDependency>
      <MissingDependency>
        <Required type="66" schemaName="scbslp_PCF02.PCF02" displayName="scbslp_PCF02.PCF02" solution="Active" />
        <Dependent type="60" displayName="Team Lead" parentDisplayName="Landing Page" id="{87588cee-d032-ed11-9db1-000d3a8567e8}" />
      </MissingDependency>
      <MissingDependency>
        <Required type="66" schemaName="scbslp_PCF02.PCF02" displayName="scbslp_PCF02.PCF02" solution="Active" />
        <Dependent type="60" displayName="Management" parentDisplayName="Landing Page" id="{9ddf010c-d132-ed11-9db1-000d3a8567e8}" />
      </MissingDependency>
      <MissingDependency>
        <Required type="66" schemaName="scbslp_PCF02.PCF02" displayName="scbslp_PCF02.PCF02" solution="Active" />
        <Dependent type="60" displayName="Relationship Manager" parentDisplayName="Landing Page" id="{a8fef292-cd32-ed11-9db1-000d3a8567e8}" />
      </MissingDependency>
      <MissingDependency>
        <Required type="66" schemaName="scbslp_PCF02.PCF02" displayName="scbslp_PCF02.PCF02" solution="Active" />
        <Dependent type="60" displayName="Banker" parentDisplayName="Landing Page" id="{bca59fc2-d032-ed11-9db1-000d3a8567e8}" />
      </MissingDependency>
      <MissingDependency>
        <Required type="66" schemaName="scbslp_PCF03.PCF03" displayName="scbslp_PCF03.PCF03" solution="Active" />
        <Dependent type="60" displayName="Generic" parentDisplayName="Landing Page" id="{47a85346-7032-413c-9f22-a361c393b6a9}" />
      </MissingDependency>
      <MissingDependency>
        <Required type="66" schemaName="scbslp_PCF03.PCF03" displayName="scbslp_PCF03.PCF03" solution="Active" />
        <Dependent type="60" displayName="Sales" parentDisplayName="Landing Page" id="{6211b29f-d032-ed11-9db1-000d3a8567e8}" />
      </MissingDependency>
      <MissingDependency>
        <Required type="66" schemaName="scbslp_PCF03.PCF03" displayName="scbslp_PCF03.PCF03" solution="Active" />
        <Dependent type="60" displayName="Team Lead" parentDisplayName="Landing Page" id="{87588cee-d032-ed11-9db1-000d3a8567e8}" />
      </MissingDependency>
      <MissingDependency>
        <Required type="66" schemaName="scbslp_PCF03.PCF03" displayName="scbslp_PCF03.PCF03" solution="Active" />
        <Dependent type="60" displayName="Management" parentDisplayName="Landing Page" id="{9ddf010c-d132-ed11-9db1-000d3a8567e8}" />
      </MissingDependency>
      <MissingDependency>
        <Required type="66" schemaName="scbslp_PCF03.PCF03" displayName="scbslp_PCF03.PCF03" solution="Active" />
        <Dependent type="60" displayName="Relationship Manager" parentDisplayName="Landing Page" id="{a8fef292-cd32-ed11-9db1-000d3a8567e8}" />
      </MissingDependency>
      <MissingDependency>
        <Required type="66" schemaName="scbslp_PCF03.PCF03" displayName="scbslp_PCF03.PCF03" solution="Active" />
        <Dependent type="60" displayName="Banker" parentDisplayName="Landing Page" id="{bca59fc2-d032-ed11-9db1-000d3a8567e8}" />
      </MissingDependency>
      <MissingDependency>
        <Required type="66" schemaName="scbslp_slp.MyTaskList" displayName="scbslp_slp.MyTaskList" solution="Active" />
        <Dependent type="60" displayName="Generic" parentDisplayName="Landing Page" id="{47a85346-7032-413c-9f22-a361c393b6a9}" />
      </MissingDependency>
      <MissingDependency>
        <Required type="66" schemaName="scbslp_TrialNamespace.Trial" displayName="scbslp_TrialNamespace.Trial" solution="Active" />
        <Dependent type="60" displayName="Generic" parentDisplayName="Landing Page" id="{47a85346-7032-413c-9f22-a361c393b6a9}" />
      </MissingDependency>
    </MissingDependencies>
  </SolutionManifest>
</ImportExportXml>